{"davies_bouldin_score:  ": 0.5906117851030758, "silhouette_score:  ": 0.5909567384261788}