{"davies_bouldin_score:  ": 0.6523343352946318, "silhouette_score:  ": 0.5238458453541412}